method,n,reps,batch,median_s,q1_s,q3_s,iqr_s,rel_iqr_pct,min_s,max_s,ns_per_inner_iter,gflops,peak_rss_mib,array_storage_mib,slowdown_vs_c
python,16,5,4883,0.0003047960063485562,0.00030316924165472043,0.0003166761093590006,1.3506867704280161e-05,4.43144510523346,0.00030241731845177144,0.000326176493958632,74.41308748744048,0.026876992576575488,10.2265625,0.005859375,109.33070586938955
python,32,5,610,0.003688503481967213,0.0036626471081967218,0.003716883493442623,5.423638524590119e-05,1.4704170813734723,0.003658629740983606,0.003717636444262295,112.56419317526895,0.017767639456055837,10.328125,0.0234375,131.73998032671702
python,64,5,76,0.031687520868421054,0.03137749201315789,0.03262041715789474,0.0012429251447368464,3.9224436329303147,0.03132734251315789,0.032682829355263156,120.87829921120093,0.01654556701286441,10.7265625,0.09375,143.41660231062409
python,128,5,10,0.2600988736,0.2582245121,0.2614679278,0.003243415699999974,1.2469933664487711,0.2556665398,0.2664008634,124.02480773925781,0.016125806090380546,12.1015625,0.375,133.47986944472956
python,192,5,3,1.04493865,1.0200363833333335,1.0498236266666667,0.02978724333333327,2.8506212621509666,1.0157453619999999,1.056446311,147.63424484818069,0.01354699244783414,14.4453125,0.84375,143.45014185695328
python,256,5,1,2.298896478,2.276949679,2.312561502,0.03561182299999999,1.5490833685117327,2.226828487,2.315263276,137.0249079465866,0.014595886470360673,17.6796875,1.5,64.52499376894578
python,384,5,1,8.657349014,8.632293029,8.701243764,0.06895073500000137,0.7964416692511708,8.250368603,8.811606872,152.89428523734762,0.013080933645723065,27.06640625,3.375,73.07691475407067
python,512,5,1,22.91599022,22.774284785,23.058457382,0.2841725970000013,1.24006248157668,22.085699635,23.289867759,170.7374320924282,0.011713892937767189,40.2734375,6.0,51.57530303541809
java,16,5,4883,5.087058775343026e-06,5.084284661069015e-06,5.115907638746673e-06,3.162297767765734e-08,0.6216357835481263,5.0740442351013726e-06,5.202840876510342e-06,1.241957708823981,1.6103607923121752,36.60546875,0.005859375,1.8247342980974066
java,32,5,610,3.895731967213115e-05,3.884263606557377e-05,3.901086229508197e-05,1.6822622950819912e-07,0.43182187820930323,3.880479672131147e-05,3.915249508196721e-05,1.1888830466348619,1.682251257313331,36.61328125,0.0234375,1.3914143099713099
java,64,5,76,0.00030001038157894734,0.00029932305263157894,0.00030230675,2.9836973684210615e-06,0.9945313734537901,0.00029884948684210527,0.0003029099605263158,1.1444487822683234,1.7475661916787182,36.8671875,0.09375,1.3578364101953309
java,128,5,10,0.0024518493,0.0024495162,0.0024688128,1.9296600000000014e-05,0.7870222692724228,0.0024406608,0.0024709226,1.1691328525543212,1.71066957500202,37.28125,0.375,1.2582619829621267
java,192,5,3,0.009652030666666667,0.009614016,0.009667923333333333,5.3907333333333765e-05,0.5585076881231117,0.009605571333333333,0.009752886,1.3636879626615548,1.4666111711483718,38.421875,0.84375,1.3250396741866106
java,256,5,1,0.037122484,0.036983417,0.037202089,0.00021867200000000309,0.5890554091154113,0.036865043,0.037562343,2.212672472000122,0.9038843413603466,39.671875,1.5,1.041946895700011
java,384,5,1,0.13479184,0.129730433,0.136231008,0.006500574999999981,4.822676951364401,0.129162898,0.175665146,2.380509553132234,0.8401562587171449,43.609375,3.375,1.1377815293452296
java,512,5,1,0.771359789,0.746478468,0.824014582,0.07753611400000004,10.051873990024653,0.743006622,0.855302941,5.747078277170658,0.34800291618519924,49.19140625,6.0,1.7360417108351844
java,768,5,1,1.829640954,1.819135987,1.845386768,0.026250781000000112,1.4347504051333184,1.788647931,1.876229282,4.039077745543586,0.4951625410544893,63.90234375,13.5,1.3361958517218036
java,1024,5,1,10.432397319,10.421593677,10.588714211,0.1671205339999986,1.6019379715880873,10.420595549,10.642764774,9.715927130542696,0.20584757101696044,85.484375,24.0,0.9649169413149915
java,1536,5,1,39.897694231,39.775721592,40.211728593,0.4360070010000001,1.092812528151635,39.762970384,40.572266016,11.009666166647717,0.18165855074323028,150.14453125,54.0,1.004521166207204
c,16,5,4883,2.7878353471226705e-06,2.6999795207864017e-06,2.848658611509318e-06,1.4867909072291648e-07,5.3331374421508935,2.5793569526930165e-06,2.8959655949211553e-06,0.6806238640436207,2.9384805700433407,0.6875,0.005859375,1.0
c,32,5,610,2.7998360655737705e-05,2.7421311475409833e-05,2.814918032786885e-05,7.27868852459016e-07,2.5996838222378345,2.7254098360655738e-05,2.9034426229508197e-05,0.8544421586834017,2.3407084723929974,0.69140625,0.0234375,1.0
c,64,5,76,0.00022094736842105266,0.0002181842105263158,0.0002284342105263158,1.0250000000000005e-05,4.639113863744642,0.0002151578947368421,0.0002892894736842105,0.842847322162829,2.372909004287756,0.76171875,0.09375,1.0
c,128,5,10,0.0019486,0.0019460000000000002,0.0021386,0.0001925999999999998,9.884019295904741,0.0019447,0.0023331999999999997,0.9291648864746094,2.1524704916350204,1.046875,0.375,1.0
c,192,5,3,0.007284333333333334,0.0072499999999999995,0.007496666666666666,0.00024666666666666674,3.386262755685719,0.007247,0.007747666666666667,1.0291676462432486,1.9433179883768819,1.515625,0.84375,1.0
c,256,5,1,0.035628,0.035208,0.035643,0.0004349999999999979,1.220949814752436,0.035068,0.036127,2.123594284057617,0.9417994835522623,2.19140625,1.5,1.0
c,384,5,1,0.118469,0.110776,0.125788,0.015012000000000011,12.67166938186362,0.109237,0.149457,2.0922378257468894,0.9559142729321595,4.05078125,3.375,1.0
c,512,5,1,0.444321,0.423524,0.456722,0.033198000000000005,7.471625243911498,0.42228,0.477034,3.3104494214057922,0.6041475779897866,6.65234375,6.0,1.0
c,768,5,1,1.369291,1.364231,1.372514,0.00828300000000004,0.6049115929338643,1.352061,1.403829,3.02281865367183,0.6616341332850358,14.171875,13.5,1.0
c,1024,5,1,10.811705,10.779799,11.253403,0.4736039999999999,4.380474679988031,10.734389,11.535604,10.069184936583042,0.19862580860280593,24.6640625,24.0,1.0
c,1536,5,1,39.718122,39.702094,39.969422,0.2673279999999991,0.673063041601008,39.675007,40.202254,10.960113671090868,0.1824798592441002,54.66015625,54.0,1.0
