run_id,method,n,status,exit_code,warmups,repetitions,batch,peak_rss_bytes,memory_metric,java_heap_used_bytes,array_storage_bytes,estimated_bytes,wall_time_s,timeout_s,order_in_size,command
20261008-202121,python,16,ok,0,1,5,4883,10723328,ru_maxrss_wait4,,6144,30720,9.401,390,0,/opt/anaconda3/bin/python3 /Users/amaisuarez/Desktop/assignment1/matmul-assignment1/python/matmul.py --n 16 --a /Users/amaisuarez/Desktop/assignment1/matmul-assignment1/data/A_n16.bin --b /Users/amaisuarez/Desktop/assignment1/matmul-assignment1/data/B_n16.bin --warmup 1 --reps 5 --batch 4883
20261008-202121,c,16,ok,0,1,5,4883,720896,ru_maxrss_wait4,,6144,6144,0.099,390,1,/Users/amaisuarez/Desktop/assignment1/matmul-assignment1/c/build/matmul --n 16 --a /Users/amaisuarez/Desktop/assignment1/matmul-assignment1/data/A_n16.bin --b /Users/amaisuarez/Desktop/assignment1/matmul-assignment1/data/B_n16.bin --warmup 1 --reps 5 --batch 4883
20261008-202121,java,16,ok,0,3,5,4883,38383616,ru_maxrss_wait4,6814320,6144,6144,0.406,510,2,java -XX:+UseSerialGC -Xms256m -Xmx4g -cp /Users/amaisuarez/Desktop/assignment1/matmul-assignment1/java/build MatMul --n 16 --a /Users/amaisuarez/Desktop/assignment1/matmul-assignment1/data/A_n16.bin --b /Users/amaisuarez/Desktop/assignment1/matmul-assignment1/data/B_n16.bin --warmup 3 --reps 5 --batch 4883
20261008-202121,c,32,ok,0,1,5,610,724992,ru_maxrss_wait4,,24576,24576,0.115,390,0,/Users/amaisuarez/Desktop/assignment1/matmul-assignment1/c/build/matmul --n 32 --a /Users/amaisuarez/Desktop/assignment1/matmul-assignment1/data/A_n32.bin --b /Users/amaisuarez/Desktop/assignment1/matmul-assignment1/data/B_n32.bin --warmup 1 --reps 5 --batch 610
20261008-202121,python,32,ok,0,1,5,610,10829824,ru_maxrss_wait4,,24576,122880,13.588,390,1,/opt/anaconda3/bin/python3 /Users/amaisuarez/Desktop/assignment1/matmul-assignment1/python/matmul.py --n 32 --a /Users/amaisuarez/Desktop/assignment1/matmul-assignment1/data/A_n32.bin --b /Users/amaisuarez/Desktop/assignment1/matmul-assignment1/data/B_n32.bin --warmup 1 --reps 5 --batch 610
20261008-202121,java,32,ok,0,3,5,610,38391808,ru_maxrss_wait4,6814320,24576,24576,0.367,510,2,java -XX:+UseSerialGC -Xms256m -Xmx4g -cp /Users/amaisuarez/Desktop/assignment1/matmul-assignment1/java/build MatMul --n 32 --a /Users/amaisuarez/Desktop/assignment1/matmul-assignment1/data/A_n32.bin --b /Users/amaisuarez/Desktop/assignment1/matmul-assignment1/data/B_n32.bin --warmup 3 --reps 5 --batch 610
20261008-202121,python,64,ok,0,1,5,76,11247616,ru_maxrss_wait4,,98304,491520,14.659,390,0,/opt/anaconda3/bin/python3 /Users/amaisuarez/Desktop/assignment1/matmul-assignment1/python/matmul.py --n 64 --a /Users/amaisuarez/Desktop/assignment1/matmul-assignment1/data/A_n64.bin --b /Users/amaisuarez/Desktop/assignment1/matmul-assignment1/data/B_n64.bin --warmup 1 --reps 5 --batch 76
20261008-202121,c,64,ok,0,1,5,76,798720,ru_maxrss_wait4,,98304,98304,0.122,390,1,/Users/amaisuarez/Desktop/assignment1/matmul-assignment1/c/build/matmul --n 64 --a /Users/amaisuarez/Desktop/assignment1/matmul-assignment1/data/A_n64.bin --b /Users/amaisuarez/Desktop/assignment1/matmul-assignment1/data/B_n64.bin --warmup 1 --reps 5 --batch 76
20261008-202121,java,64,ok,0,3,5,76,38658048,ru_maxrss_wait4,6814320,98304,98304,0.375,510,2,java -XX:+UseSerialGC -Xms256m -Xmx4g -cp /Users/amaisuarez/Desktop/assignment1/matmul-assignment1/java/build MatMul --n 64 --a /Users/amaisuarez/Desktop/assignment1/matmul-assignment1/data/A_n64.bin --b /Users/amaisuarez/Desktop/assignment1/matmul-assignment1/data/B_n64.bin --warmup 3 --reps 5 --batch 76
20261008-202121,java,128,ok,0,3,5,10,39092224,ru_maxrss_wait4,8246960,393216,393216,0.355,510,0,java -XX:+UseSerialGC -Xms256m -Xmx4g -cp /Users/amaisuarez/Desktop/assignment1/matmul-assignment1/java/build MatMul --n 128 --a /Users/amaisuarez/Desktop/assignment1/matmul-assignment1/data/A_n128.bin --b /Users/amaisuarez/Desktop/assignment1/matmul-assignment1/data/B_n128.bin --warmup 3 --reps 5 --batch 10
20261008-202121,python,128,ok,0,1,5,10,12689408,ru_maxrss_wait4,,393216,1966080,15.729,390,1,/opt/anaconda3/bin/python3 /Users/amaisuarez/Desktop/assignment1/matmul-assignment1/python/matmul.py --n 128 --a /Users/amaisuarez/Desktop/assignment1/matmul-assignment1/data/A_n128.bin --b /Users/amaisuarez/Desktop/assignment1/matmul-assignment1/data/B_n128.bin --warmup 1 --reps 5 --batch 10
20261008-202121,c,128,ok,0,1,5,10,1097728,ru_maxrss_wait4,,393216,393216,0.136,390,2,/Users/amaisuarez/Desktop/assignment1/matmul-assignment1/c/build/matmul --n 128 --a /Users/amaisuarez/Desktop/assignment1/matmul-assignment1/data/A_n128.bin --b /Users/amaisuarez/Desktop/assignment1/matmul-assignment1/data/B_n128.bin --warmup 1 --reps 5 --batch 10
20261008-202121,java,192,ok,0,3,5,3,40288256,ru_maxrss_wait4,8541888,884736,884736,0.399,510,0,java -XX:+UseSerialGC -Xms256m -Xmx4g -cp /Users/amaisuarez/Desktop/assignment1/matmul-assignment1/java/build MatMul --n 192 --a /Users/amaisuarez/Desktop/assignment1/matmul-assignment1/data/A_n192.bin --b /Users/amaisuarez/Desktop/assignment1/matmul-assignment1/data/B_n192.bin --warmup 3 --reps 5 --batch 3
20261008-202121,c,192,ok,0,1,5,3,1589248,ru_maxrss_wait4,,884736,884736,0.149,390,1,/Users/amaisuarez/Desktop/assignment1/matmul-assignment1/c/build/matmul --n 192 --a /Users/amaisuarez/Desktop/assignment1/matmul-assignment1/data/A_n192.bin --b /Users/amaisuarez/Desktop/assignment1/matmul-assignment1/data/B_n192.bin --warmup 1 --reps 5 --batch 3
20261008-202121,python,192,ok,0,1,5,3,15147008,ru_maxrss_wait4,,884736,4423680,18.543,390,2,/opt/anaconda3/bin/python3 /Users/amaisuarez/Desktop/assignment1/matmul-assignment1/python/matmul.py --n 192 --a /Users/amaisuarez/Desktop/assignment1/matmul-assignment1/data/A_n192.bin --b /Users/amaisuarez/Desktop/assignment1/matmul-assignment1/data/B_n192.bin --warmup 1 --reps 5 --batch 3
20261008-202121,c,256,ok,0,1,5,1,2297856,ru_maxrss_wait4,,1572864,1572864,0.229,390,0,/Users/amaisuarez/Desktop/assignment1/matmul-assignment1/c/build/matmul --n 256 --a /Users/amaisuarez/Desktop/assignment1/matmul-assignment1/data/A_n256.bin --b /Users/amaisuarez/Desktop/assignment1/matmul-assignment1/data/B_n256.bin --warmup 1 --reps 5 --batch 1
20261008-202121,python,256,ok,0,1,5,1,18538496,ru_maxrss_wait4,,1572864,7864320,13.83,390,1,/opt/anaconda3/bin/python3 /Users/amaisuarez/Desktop/assignment1/matmul-assignment1/python/matmul.py --n 256 --a /Users/amaisuarez/Desktop/assignment1/matmul-assignment1/data/A_n256.bin --b /Users/amaisuarez/Desktop/assignment1/matmul-assignment1/data/B_n256.bin --warmup 1 --reps 5 --batch 1
20261008-202121,java,256,ok,0,3,5,1,41598976,ru_maxrss_wait4,9820000,1572864,1572864,0.637,510,2,java -XX:+UseSerialGC -Xms256m -Xmx4g -cp /Users/amaisuarez/Desktop/assignment1/matmul-assignment1/java/build MatMul --n 256 --a /Users/amaisuarez/Desktop/assignment1/matmul-assignment1/data/A_n256.bin --b /Users/amaisuarez/Desktop/assignment1/matmul-assignment1/data/B_n256.bin --warmup 3 --reps 5 --batch 1
20261008-202121,python,384,ok,0,1,5,1,28381184,ru_maxrss_wait4,,3538944,17694720,51.625,390,0,/opt/anaconda3/bin/python3 /Users/amaisuarez/Desktop/assignment1/matmul-assignment1/python/matmul.py --n 384 --a /Users/amaisuarez/Desktop/assignment1/matmul-assignment1/data/A_n384.bin --b /Users/amaisuarez/Desktop/assignment1/matmul-assignment1/data/B_n384.bin --warmup 1 --reps 5 --batch 1
20261008-202121,c,384,ok,0,1,5,1,4247552,ru_maxrss_wait4,,3538944,3538944,0.743,390,1,/Users/amaisuarez/Desktop/assignment1/matmul-assignment1/c/build/matmul --n 384 --a /Users/amaisuarez/Desktop/assignment1/matmul-assignment1/data/A_n384.bin --b /Users/amaisuarez/Desktop/assignment1/matmul-assignment1/data/B_n384.bin --warmup 1 --reps 5 --batch 1
20261008-202121,java,384,ok,0,3,5,1,45727744,ru_maxrss_wait4,12965616,3538944,3538944,1.466,510,2,java -XX:+UseSerialGC -Xms256m -Xmx4g -cp /Users/amaisuarez/Desktop/assignment1/matmul-assignment1/java/build MatMul --n 384 --a /Users/amaisuarez/Desktop/assignment1/matmul-assignment1/data/A_n384.bin --b /Users/amaisuarez/Desktop/assignment1/matmul-assignment1/data/B_n384.bin --warmup 3 --reps 5 --batch 1
20261008-202121,c,512,ok,0,1,5,1,6975488,ru_maxrss_wait4,,6291456,6291456,2.686,390,0,/Users/amaisuarez/Desktop/assignment1/matmul-assignment1/c/build/matmul --n 512 --a /Users/amaisuarez/Desktop/assignment1/matmul-assignment1/data/A_n512.bin --b /Users/amaisuarez/Desktop/assignment1/matmul-assignment1/data/B_n512.bin --warmup 1 --reps 5 --batch 1
20261008-202121,java,512,ok,0,3,5,1,51580928,ru_maxrss_wait4,17300160,6291456,6291456,6.421,510,1,java -XX:+UseSerialGC -Xms256m -Xmx4g -cp /Users/amaisuarez/Desktop/assignment1/matmul-assignment1/java/build MatMul --n 512 --a /Users/amaisuarez/Desktop/assignment1/matmul-assignment1/data/A_n512.bin --b /Users/amaisuarez/Desktop/assignment1/matmul-assignment1/data/B_n512.bin --warmup 3 --reps 5 --batch 1
20261008-202121,python,512,ok,0,1,5,1,42229760,ru_maxrss_wait4,,6291456,31457280,138.593,390,2,/opt/anaconda3/bin/python3 /Users/amaisuarez/Desktop/assignment1/matmul-assignment1/python/matmul.py --n 512 --a /Users/amaisuarez/Desktop/assignment1/matmul-assignment1/data/A_n512.bin --b /Users/amaisuarez/Desktop/assignment1/matmul-assignment1/data/B_n512.bin --warmup 1 --reps 5 --batch 1
20261008-202121,java,768,ok,0,3,5,1,67006464,ru_maxrss_wait4,30407360,14155776,14155776,15.07,510,0,java -XX:+UseSerialGC -Xms256m -Xmx4g -cp /Users/amaisuarez/Desktop/assignment1/matmul-assignment1/java/build MatMul --n 768 --a /Users/amaisuarez/Desktop/assignment1/matmul-assignment1/data/A_n768.bin --b /Users/amaisuarez/Desktop/assignment1/matmul-assignment1/data/B_n768.bin --warmup 3 --reps 5 --batch 1
20261008-202121,c,768,ok,0,1,5,1,14860288,ru_maxrss_wait4,,14155776,14155776,8.332,390,1,/Users/amaisuarez/Desktop/assignment1/matmul-assignment1/c/build/matmul --n 768 --a /Users/amaisuarez/Desktop/assignment1/matmul-assignment1/data/A_n768.bin --b /Users/amaisuarez/Desktop/assignment1/matmul-assignment1/data/B_n768.bin --warmup 1 --reps 5 --batch 1
20261008-202121,python,768,timeout,-9,1,5,1,81641472,ru_maxrss_wait4,,14155776,70778880,390.016,390,2,/opt/anaconda3/bin/python3 /Users/amaisuarez/Desktop/assignment1/matmul-assignment1/python/matmul.py --n 768 --a /Users/amaisuarez/Desktop/assignment1/matmul-assignment1/data/A_n768.bin --b /Users/amaisuarez/Desktop/assignment1/matmul-assignment1/data/B_n768.bin --warmup 1 --reps 5 --batch 1
20261008-202121,c,1024,ok,0,1,5,1,25862144,ru_maxrss_wait4,,25165824,25165824,65.915,390,0,/Users/amaisuarez/Desktop/assignment1/matmul-assignment1/c/build/matmul --n 1024 --a /Users/amaisuarez/Desktop/assignment1/matmul-assignment1/data/A_n1024.bin --b /Users/amaisuarez/Desktop/assignment1/matmul-assignment1/data/B_n1024.bin --warmup 1 --reps 5 --batch 1
20261008-202121,java,1024,ok,0,3,5,1,89636864,ru_maxrss_wait4,48757440,25165824,25165824,86.996,510,1,java -XX:+UseSerialGC -Xms256m -Xmx4g -cp /Users/amaisuarez/Desktop/assignment1/matmul-assignment1/java/build MatMul --n 1024 --a /Users/amaisuarez/Desktop/assignment1/matmul-assignment1/data/A_n1024.bin --b /Users/amaisuarez/Desktop/assignment1/matmul-assignment1/data/B_n1024.bin --warmup 3 --reps 5 --batch 1
20261008-202121,python,1024,not_attempted_after_timeout,,1,5,1,,,,25165824,125829120,,390,2,
20261008-202121,java,1536,ok,0,3,5,1,157437952,ru_maxrss_wait4,78749744,56623104,56623104,320.733,510,0,java -XX:+UseSerialGC -Xms256m -Xmx4g -cp /Users/amaisuarez/Desktop/assignment1/matmul-assignment1/java/build MatMul --n 1536 --a /Users/amaisuarez/Desktop/assignment1/matmul-assignment1/data/A_n1536.bin --b /Users/amaisuarez/Desktop/assignment1/matmul-assignment1/data/B_n1536.bin --warmup 3 --reps 5 --batch 1
20261008-202121,python,1536,not_attempted_after_timeout,,1,5,1,,,,56623104,283115520,,390,1,
20261008-202121,c,1536,ok,0,1,5,1,57315328,ru_maxrss_wait4,,56623104,56623104,239.153,390,2,/Users/amaisuarez/Desktop/assignment1/matmul-assignment1/c/build/matmul --n 1536 --a /Users/amaisuarez/Desktop/assignment1/matmul-assignment1/data/A_n1536.bin --b /Users/amaisuarez/Desktop/assignment1/matmul-assignment1/data/B_n1536.bin --warmup 1 --reps 5 --batch 1
20261008-202121,java,2048,timeout,-9,3,5,1,240984064,ru_maxrss_wait4,,100663296,100663296,510.035,510,0,java -XX:+UseSerialGC -Xms256m -Xmx4g -cp /Users/amaisuarez/Desktop/assignment1/matmul-assignment1/java/build MatMul --n 2048 --a /Users/amaisuarez/Desktop/assignment1/matmul-assignment1/data/A_n2048.bin --b /Users/amaisuarez/Desktop/assignment1/matmul-assignment1/data/B_n2048.bin --warmup 3 --reps 5 --batch 1
20261008-202121,c,2048,timeout,-9,1,5,1,101371904,ru_maxrss_wait4,,100663296,100663296,390.019,390,1,/Users/amaisuarez/Desktop/assignment1/matmul-assignment1/c/build/matmul --n 2048 --a /Users/amaisuarez/Desktop/assignment1/matmul-assignment1/data/A_n2048.bin --b /Users/amaisuarez/Desktop/assignment1/matmul-assignment1/data/B_n2048.bin --warmup 1 --reps 5 --batch 1
20261008-202121,python,2048,not_attempted_after_timeout,,1,5,1,,,,100663296,503316480,,390,2,
