run_id,method,language,n,dtype,threads,batch,kind,rep_index,elapsed_ns,time_per_mult_s,checksum,status
20261008-200541,python,python,16,float64,1,4883,warmup,0,1492739249,0.0003057012592668441,4.669567331083327,ok
20261008-200541,python,python,16,float64,1,4883,measured,0,1510798856,0.00030939972475936924,4.669567331083327,ok
20261008-200541,python,python,16,float64,1,4883,measured,1,1577047028,0.0003229668294081507,4.669567331083327,ok
20261008-200541,python,python,16,float64,1,4883,measured,2,1515326477,0.0003103269459348761,4.669567331083327,ok
20261008-200541,c,c,16,float64,1,4883,warmup,0,14210000,2.9100962523039115e-06,4.6695673310833268,ok
20261008-200541,c,c,16,float64,1,4883,measured,0,14853000,3.0417775957403237e-06,4.6695673310833268,ok
20261008-200541,c,c,16,float64,1,4883,measured,1,13147000,2.692402211755069e-06,4.6695673310833268,ok
20261008-200541,c,c,16,float64,1,4883,measured,2,13107000,2.6842105263157895e-06,4.6695673310833268,ok
20261008-200541,java,java,16,float64,1,4883,warmup,0,49458431,1.012869772680729e-05,4.669567331083327,ok
20261008-200541,java,java,16,float64,1,4883,warmup,1,24943353,5.108202539422486e-06,4.669567331083327,ok
20261008-200541,java,java,16,float64,1,4883,measured,0,25242641,5.16949436821626e-06,4.669567331083327,ok
20261008-200541,java,java,16,float64,1,4883,measured,1,24728086,5.064117550686053e-06,4.669567331083327,ok
20261008-200541,java,java,16,float64,1,4883,measured,2,24852275,5.0895504812615195e-06,4.669567331083327,ok
20261008-200541,c,c,32,float64,1,610,warmup,0,21206000,3.476393442622951e-05,22.244917079199219,ok
20261008-200541,c,c,32,float64,1,610,measured,0,16962000,2.7806557377049183e-05,22.244917079199219,ok
20261008-200541,c,c,32,float64,1,610,measured,1,17170000,2.8147540983606558e-05,22.244917079199219,ok
20261008-200541,c,c,32,float64,1,610,measured,2,16561000,2.7149180327868852e-05,22.244917079199219,ok
20261008-200541,python,python,32,float64,1,610,warmup,0,2215525582,0.0036320091508196726,22.24491707919922,ok
20261008-200541,python,python,32,float64,1,610,measured,0,2884774278,0.004729138160655738,22.24491707919922,ok
20261008-200541,python,python,32,float64,1,610,measured,1,2585136319,0.004237928391803279,22.24491707919922,ok
20261008-200541,python,python,32,float64,1,610,measured,2,2525430287,0.004140049650819672,22.24491707919922,ok
20261008-200541,java,java,32,float64,1,610,warmup,0,43180055,7.078697540983607e-05,22.24491707919922,ok
20261008-200541,java,java,32,float64,1,610,warmup,1,23900794,3.918162950819672e-05,22.24491707919922,ok
20261008-200541,java,java,32,float64,1,610,measured,0,23929359,3.922845737704918e-05,22.24491707919922,ok
20261008-200541,java,java,32,float64,1,610,measured,1,23782025,3.8986926229508194e-05,22.24491707919922,ok
20261008-200541,java,java,32,float64,1,610,measured,2,23889825,3.916364754098361e-05,22.24491707919922,ok
20261008-200541,python,python,64,float64,1,76,warmup,0,2712298245,0.035688134802631576,227.59443181053146,ok
20261008-200541,python,python,64,float64,1,76,measured,0,2480713740,0.0326409702631579,227.59443181053146,ok
20261008-200541,python,python,64,float64,1,76,measured,1,2432873545,0.03201149401315789,227.59443181053146,ok
20261008-200541,python,python,64,float64,1,76,measured,2,2423363596,0.03188636310526316,227.59443181053146,ok
20261008-200541,c,c,64,float64,1,76,warmup,0,20746000,0.0002729736842105263,227.59443181053146,ok
20261008-200541,c,c,64,float64,1,76,measured,0,19740000,0.0002597368421052632,227.59443181053146,ok
20261008-200541,c,c,64,float64,1,76,measured,1,18469000,0.00024301315789473682,227.59443181053146,ok
20261008-200541,c,c,64,float64,1,76,measured,2,17629000,0.00023196052631578945,227.59443181053146,ok
20261008-200541,java,java,64,float64,1,76,warmup,0,39112025,0.0005146319078947369,227.59443181053146,ok
20261008-200541,java,java,64,float64,1,76,warmup,1,23291335,0.0003064649342105263,227.59443181053146,ok
20261008-200541,java,java,64,float64,1,76,measured,0,22904645,0.0003013769078947369,227.59443181053146,ok
20261008-200541,java,java,64,float64,1,76,measured,1,22959489,0.0003020985394736842,227.59443181053146,ok
20261008-200541,java,java,64,float64,1,76,measured,2,22771921,0.0002996305394736842,227.59443181053146,ok
20261008-200541,java,java,128,float64,1,10,warmup,0,39056799,0.0039056799000000003,488.9169604948996,ok
20261008-200541,java,java,128,float64,1,10,warmup,1,24583491,0.0024583491,488.9169604948996,ok
20261008-200541,java,java,128,float64,1,10,measured,0,31836790,0.0031836789999999996,488.9169604948996,ok
20261008-200541,java,java,128,float64,1,10,measured,1,25215908,0.0025215908,488.9169604948996,ok
20261008-200541,java,java,128,float64,1,10,measured,2,24403080,0.002440308,488.9169604948996,ok
20261008-200541,python,python,128,float64,1,10,warmup,0,2720064499,0.2720064499,488.9169604948996,ok
20261008-200541,python,python,128,float64,1,10,measured,0,2733456563,0.27334565629999996,488.9169604948996,ok
20261008-200541,python,python,128,float64,1,10,measured,1,2599791138,0.2599791138,488.9169604948996,ok
20261008-200541,python,python,128,float64,1,10,measured,2,2580719971,0.2580719971,488.9169604948996,ok
20261008-200541,c,c,128,float64,1,10,warmup,0,27854000,0.0027854,488.91696049489963,ok
20261008-200541,c,c,128,float64,1,10,measured,0,23843000,0.0023843,488.91696049489963,ok
20261008-200541,c,c,128,float64,1,10,measured,1,21572000,0.0021572,488.91696049489963,ok
20261008-200541,c,c,128,float64,1,10,measured,2,22173000,0.0022172999999999997,488.91696049489963,ok
